Creed II: The Album,Mike WiLL Made-It,00602577321153,13315105
World of Warcraft: Wrath of the Lich King Original Soundtrack,Various Artists,020626607117,Null
No Shape,Perfume Genius,744861111351,10009618
Sweet Lies (Featuring Sam Gray),"SOLANO, Sam Gray",00602557936162,Null
Colter Wall,Colter Wall,886446389035,10563955
True to Self,Bryson Tiller,886446346694,10478061
Crying in the Club,Camila Cabello,886446504209,11199843
FUTURE,Future,886446597102,10758478
Sex Dreams And Denim Jeans,Uffie,5060107726840,2329734
"Life Is Eazi, Vol. 1 - Accra To Lagos",Mr Eazi,5060450062350,Null
Nan Fon Bwa,Melissa Laveaux,886446817781,Null
Another Summer of Love,GospelbeacH,095081019225,10500760
Big Part Of A Big Sun - EP,DeLaurentis,3700750929626,Null
Another Side,Fingers Inc.,8718723088664,5370
Creed II: The Album,Mike WiLL Made-It,00602577321153,Null
World of Warcraft: Wrath of the Lich King Original Soundtrack,Various Artists,020626607117,Null
No Shape,Perfume Genius,744861111351,Null
Sweet Lies (Featuring Sam Gray),"SOLANO, Sam Gray",00602557936162,Null
Colter Wall,Colter Wall,886446389035,Null
True to Self,Bryson Tiller,886446346694,Null
Crying in the Club,Camila Cabello,886446504209,Null
Creed II: The Album,Mike WiLL Made-It,00602577321153,Null
World of Warcraft: Wrath of the Lich King Original Soundtrack,Various Artists,020626607117,Null
No Shape,Perfume Genius,744861111351,Null
Sweet Lies (Featuring Sam Gray),"SOLANO, Sam Gray",00602557936162,Null
Creed II: The Album,Mike WiLL Made-It,00602577321153,Null
World of Warcraft: Wrath of the Lich King Original Soundtrack,Various Artists,020626607117,Null
No Shape,Perfume Genius,744861111351,Null
Creed II: The Album,Mike WiLL Made-It,00602577321153,Null
World of Warcraft: Wrath of the Lich King Original Soundtrack,Various Artists,020626607117,Null
No Shape,Perfume Genius,744861111351,Null
Sweet Lies (Featuring Sam Gray),"SOLANO, Sam Gray",00602557936162,Null
Colter Wall,Colter Wall,886446389035,Null
True to Self,Bryson Tiller,886446346694,Null
Crying in the Club,Camila Cabello,886446504209,Null
Creed II: The Album,Mike WiLL Made-It,00602577321153,Null
World of Warcraft: Wrath of the Lich King Original Soundtrack,Various Artists,020626607117,Null
No Shape,Perfume Genius,744861111351,Null
Sweet Lies (Featuring Sam Gray),"SOLANO, Sam Gray",00602557936162,Null
Creed II: The Album,Mike WiLL Made-It,00602577321153,Null
World of Warcraft: Wrath of the Lich King Original Soundtrack,Various Artists,020626607117,Null
Creed II: The Album,Mike WiLL Made-It,00602577321153,Null
World of Warcraft: Wrath of the Lich King Original Soundtrack,Various Artists,020626607117,Null
No Shape,Perfume Genius,744861111351,Null
Sweet Lies (Featuring Sam Gray),"SOLANO, Sam Gray",00602557936162,Null
Creed II: The Album,Mike WiLL Made-It,00602577321153,Null
World of Warcraft: Wrath of the Lich King Original Soundtrack,Various Artists,020626607117,Null
No Shape,Perfume Genius,744861111351,Null
Sweet Lies (Featuring Sam Gray),"SOLANO, Sam Gray",00602557936162,Null
Colter Wall,Colter Wall,886446389035,Null
Creed II: The Album,Mike WiLL Made-It,00602577321153,Null
World of Warcraft: Wrath of the Lich King Original Soundtrack,Various Artists,020626607117,Null
No Shape,Perfume Genius,744861111351,Null
Creed II: The Album,Mike WiLL Made-It,00602577321153,Null
World of Warcraft: Wrath of the Lich King Original Soundtrack,Various Artists,020626607117,Null
Creed II: The Album,Mike WiLL Made-It,00602577321153,Null
World of Warcraft: Wrath of the Lich King Original Soundtrack,Various Artists,020626607117,Null
No Shape,Perfume Genius,744861111351,Null
Creed II: The Album,Mike WiLL Made-It,00602577321153,Null
World of Warcraft: Wrath of the Lich King Original Soundtrack,Various Artists,020626607117,Null
No Shape,Perfume Genius,744861111351,Null
Creed II: The Album,Mike WiLL Made-It,00602577321153,Null
World of Warcraft: Wrath of the Lich King Original Soundtrack,Various Artists,020626607117,Null
Creed II: The Album,Mike WiLL Made-It,00602577321153,Null
World of Warcraft: Wrath of the Lich King Original Soundtrack,Various Artists,020626607117,Null
No Shape,Perfume Genius,744861111351,Null
Creed II: The Album,Mike WiLL Made-It,00602577321153,Null
World of Warcraft: Wrath of the Lich King Original Soundtrack,Various Artists,020626607117,Null
No Shape,Perfume Genius,744861111351,Null
Creed II: The Album,Mike WiLL Made-It,00602577321153,13315105
World of Warcraft: Wrath of the Lich King Original Soundtrack,Various Artists,020626607117,Null
No Shape,Perfume Genius,744861111351,10009618
